{"mean":{"confidence_interval":{"confidence_level":0.95,"lower_bound":94800025.159,"upper_bound":98488625.12},"point_estimate":96542502.36,"standard_error":944602.3885465133},"median":{"confidence_interval":{"confidence_level":0.95,"lower_bound":92993707.0,"upper_bound":93557340.0},"point_estimate":93247808.0,"standard_error":152491.0865054434},"median_abs_dev":{"confidence_interval":{"confidence_level":0.95,"lower_bound":1622077.0488023758,"upper_bound":4185534.657391905},"point_estimate":3188221.530997753,"standard_error":661174.436275563},"slope":null,"std_dev":{"confidence_interval":{"confidence_level":0.95,"lower_bound":6789305.143211041,"upper_bound":11839240.699595215},"point_estimate":9470322.792967767,"standard_error":1288546.8355250151}}