{"mean":{"confidence_interval":{"confidence_level":0.95,"lower_bound":246860973.84750003,"upper_bound":247583848.64},"point_estimate":247211806.67,"standard_error":184166.21984100586},"median":{"confidence_interval":{"confidence_level":0.95,"lower_bound":246474667.5,"upper_bound":246938367.0},"point_estimate":246644898.5,"standard_error":115442.21283135204},"median_abs_dev":{"confidence_interval":{"confidence_level":0.95,"lower_bound":1017699.9509172158,"upper_bound":1844054.1407614946},"point_estimate":1519017.818132043,"standard_error":219871.12625120784},"slope":null,"std_dev":{"confidence_interval":{"confidence_level":0.95,"lower_bound":1542438.111025304,"upper_bound":2109817.03646982},"point_estimate":1851146.9628663508,"standard_error":144867.596189579}}