{"mean":{"confidence_interval":{"confidence_level":0.95,"lower_bound":239139151.9745,"upper_bound":244781303.01075},"point_estimate":241719657.54,"standard_error":1444946.5415054942},"median":{"confidence_interval":{"confidence_level":0.95,"lower_bound":240291132.0,"upper_bound":241499693.0},"point_estimate":240640144.0,"standard_error":308970.02658690076},"median_abs_dev":{"confidence_interval":{"confidence_level":0.95,"lower_bound":2255147.2375631332,"upper_bound":6022626.508677006},"point_estimate":3332640.8531337976,"standard_error":1016311.412828463},"slope":null,"std_dev":{"confidence_interval":{"confidence_level":0.95,"lower_bound":8364324.689904029,"upper_bound":20591238.212699037},"point_estimate":14536616.842043966,"standard_error":3257307.722513501}}