{"mean":{"confidence_interval":{"confidence_level":0.95,"lower_bound":289506437.25975,"upper_bound":290587208.3},"point_estimate":290029968.97,"standard_error":276813.78412728163},"median":{"confidence_interval":{"confidence_level":0.95,"lower_bound":288771502.0,"upper_bound":290041373.0},"point_estimate":289351250.5,"standard_error":326860.9832117592},"median_abs_dev":{"confidence_interval":{"confidence_level":0.95,"lower_bound":1560676.6534924507,"upper_bound":2703787.919998169},"point_estimate":2087193.8647449017,"standard_error":312312.4741379674},"slope":null,"std_dev":{"confidence_interval":{"confidence_level":0.95,"lower_bound":2128883.9182885666,"upper_bound":3417654.919363526},"point_estimate":2778651.5878770854,"standard_error":333199.7565233694}}